{"cameraMode":{"drawMode":0,"name":"Shaded","section":"Shading Mode"},"sceneLighting":true,"audioPlay":false,"sceneViewState":{"showFog":true,"showMaterialUpdate":false,"showSkybox":true,"showFlares":true,"showImageEffects":true,"showParticleSystems":true},"in2DMode":false,"pivot":{"x":-4.6368608474731449,"y":1.2947173118591309,"z":-9.072017669677735},"rotation":{"x":0.06684067100286484,"y":-0.014965906739234925,"z":0.0010026737581938506,"w":0.9976513981819153},"size":108.03491973876953,"orthographic":true}